/*
SQLyog Community v13.1.9 (64 bit)
MySQL - 10.8.5-MariaDB : Database - worldcup_db
*********************************************************************
*/

/*!40101 SET NAMES utf8 */;

/*!40101 SET SQL_MODE=''*/;

/*!40014 SET @OLD_UNIQUE_CHECKS=@@UNIQUE_CHECKS, UNIQUE_CHECKS=0 */;
/*!40014 SET @OLD_FOREIGN_KEY_CHECKS=@@FOREIGN_KEY_CHECKS, FOREIGN_KEY_CHECKS=0 */;
/*!40101 SET @OLD_SQL_MODE=@@SQL_MODE, SQL_MODE='NO_AUTO_VALUE_ON_ZERO' */;
/*!40111 SET @OLD_SQL_NOTES=@@SQL_NOTES, SQL_NOTES=0 */;
CREATE DATABASE /*!32312 IF NOT EXISTS*/`worldcup_db` /*!40100 DEFAULT CHARACTER SET utf8mb3 */;

USE `worldcup_db`;

/*Table structure for table `equipo` */

DROP TABLE IF EXISTS `equipo`;

CREATE TABLE `equipo` (
  `id` int(11) NOT NULL AUTO_INCREMENT,
  `nombre` varchar(60) NOT NULL,
  `bandera` varchar(70) NOT NULL,
  PRIMARY KEY (`id`) USING BTREE
) ENGINE=InnoDB AUTO_INCREMENT=33 DEFAULT CHARSET=latin1 ROW_FORMAT=DYNAMIC;

/*Data for the table `equipo` */

/*Table structure for table `eventos` */

DROP TABLE IF EXISTS `eventos`;

CREATE TABLE `eventos` (
  `id_evento` bigint(255) NOT NULL AUTO_INCREMENT,
  `evento_inicio` datetime DEFAULT NULL,
  `evento_fin` datetime DEFAULT NULL,
  `evento_tipo_deporte` longtext DEFAULT NULL,
  `evento_nombre` longtext DEFAULT NULL,
  `evento_descripcion` longtext DEFAULT NULL,
  `evento_logo` longtext DEFAULT NULL,
  `evento_status` int(255) DEFAULT NULL,
  PRIMARY KEY (`id_evento`)
) ENGINE=InnoDB AUTO_INCREMENT=2 DEFAULT CHARSET=utf8mb4;

/*Data for the table `eventos` */

insert  into `eventos`(`id_evento`,`evento_inicio`,`evento_fin`,`evento_tipo_deporte`,`evento_nombre`,`evento_descripcion`,`evento_logo`,`evento_status`) values 
(1,'2022-11-20 23:50:39','2022-12-21 23:50:48','soccer','FIFA Mundial Qatar 2022',NULL,'https://cnnespanol.cnn.com/wp-content/uploads/2019/09/190903171331-qatar-world-cup-emblem-exlarge-169.jpg?quality=100&strip=info',1);

/*Table structure for table `partido` */

DROP TABLE IF EXISTS `partido`;

CREATE TABLE `partido` (
  `id` int(11) NOT NULL AUTO_INCREMENT,
  `fecha` datetime DEFAULT NULL,
  `equipo1_id` longtext DEFAULT NULL,
  `marcador1` tinyint(4) DEFAULT 0,
  `equipo2_id` longtext DEFAULT NULL,
  `marcador2` tinyint(4) DEFAULT 0,
  `ganador` int(11) DEFAULT 0 COMMENT 'id de equipo ganador',
  `estatus` tinyint(1) DEFAULT 0 COMMENT '0 por efectuar, 1 terminado, 2 aplicado',
  `bandera1` longtext DEFAULT NULL,
  `bandera2` longtext DEFAULT NULL,
  `grupo` varchar(255) DEFAULT NULL,
  `fase` varchar(255) DEFAULT 'Fase de Grupos',
  `id_evento` bigint(20) DEFAULT 1,
  PRIMARY KEY (`id`)
) ENGINE=InnoDB AUTO_INCREMENT=49 DEFAULT CHARSET=latin1;

/*Data for the table `partido` */

insert  into `partido`(`id`,`fecha`,`equipo1_id`,`marcador1`,`equipo2_id`,`marcador2`,`ganador`,`estatus`,`bandera1`,`bandera2`,`grupo`,`fase`,`id_evento`) values 
(1,'2022-11-20 10:00:00','Katar',0,'Ecuador',0,0,0,'https://flagcdn.com/qa.svg','https://flagcdn.com/ec.svg','Grupo A','Fase de Grupos',1),
(2,'2022-11-21 07:00:00','Inglaterra',0,'Iran',0,0,0,'https://flagcdn.com/gb.svg','https://flagcdn.com/ir.svg','Grupo B','Fase de Grupos',1),
(3,'2022-11-21 10:00:00','Senegal',0,'Holanda',0,0,0,'https://flagcdn.com/sn.svg','https://flagcdn.com/nl.svg','Grupo A','Fase de Grupos',1),
(4,'2022-11-21 13:00:00','USA',0,'Gales',0,0,0,'https://flagcdn.com/us.svg','https://flagcdn.com/gb-wls.svg','Grupo B','Fase de Grupos',1),
(5,'2022-11-22 04:00:00','Argentina',0,'A. Saudita',0,0,0,'https://flagcdn.com/ar.svg','https://flagcdn.com/sa.svg','Grupo C','Fase de Grupos',1),
(6,'2022-11-22 07:00:00','Dinamarca',0,'Tunez',0,0,0,'https://flagcdn.com/dk.svg','https://flagcdn.com/tn.svg','Grupo D','Fase de Grupos',1),
(7,'2022-11-22 10:00:00','Mexico',0,'Polonia',0,0,0,'https://flagcdn.com/mx.svg','https://flagcdn.com/pl.svg','Grupo C','Fase de Grupos',1),
(8,'2022-11-22 13:00:00','Francia',0,'Australia',0,0,0,'https://flagcdn.com/fr.svg','https://flagcdn.com/au.svg','Grupo D','Fase de Grupos',1),
(9,'2022-11-23 04:00:00','Marruecos',0,'Croacia',0,0,0,'https://flagcdn.com/ma.svg','https://flagcdn.com/hr.svg','Grupo F','Fase de Grupos',1),
(10,'2022-11-23 07:00:00','Alemania',0,'Japon',0,0,0,'https://flagcdn.com/de.svg','https://flagcdn.com/jp.svg','Grupo E','Fase de Grupos',1),
(11,'2022-11-23 10:00:00','España',0,'Costa Rica',0,0,0,'https://flagcdn.com/es.svg','https://flagcdn.com/cr.svg','Grupo E','Fase de Grupos',1),
(12,'2022-11-23 13:00:00','Belgica',0,'Canada',0,0,0,'https://flagcdn.com/be.svg','https://flagcdn.com/ca.svg','Grupo F','Fase de Grupos',1),
(13,'2022-11-24 04:00:00','Suiza',0,'Camerun',0,0,0,'https://flagcdn.com/ch.svg','https://flagcdn.com/cm.svg','Grupo G','Fase de Grupos',1),
(14,'2022-11-24 07:00:00','Uruguay',0,'Korea del Sur',0,0,0,'https://flagcdn.com/uy.svg','https://flagcdn.com/kr.svg','Grupo H','Fase de Grupos',1),
(15,'2022-11-24 10:00:00','Portugal',0,'Ghana',0,0,0,'https://flagcdn.com/pt.svg','https://flagcdn.com/gh.svg','Grupo H','Fase de Grupos',1),
(16,'2022-11-24 13:00:00','Brasil',0,'Serbia',0,0,0,'https://flagcdn.com/br.svg','https://flagcdn.com/rs.svg','Grupo G','Fase de Grupos',1),
(17,'2022-11-25 04:00:00','Gales',0,'Iran',0,0,0,'https://flagcdn.com/gb-wls.svg','https://flagcdn.com/ir.svg','Grupo B','Fase de Grupos',1),
(18,'2022-11-25 07:00:00','Katar',0,'Senegal',0,0,0,'https://flagcdn.com/qa.svg','https://flagcdn.com/sn.svg','Grupo A','Fase de Grupos',1),
(19,'2022-11-25 10:00:00','Holanda',0,'Ecuador',0,0,0,'https://flagcdn.com/nl.svg','https://flagcdn.com/ec.svg','Grupo A','Fase de Grupos',1),
(20,'2022-11-25 13:00:00','Inglaterra',0,'USA',0,0,0,'https://flagcdn.com/gb.svg','https://flagcdn.com/us.svg','Grupo B','Fase de Grupos',1),
(21,'2022-11-26 04:00:00','Tunez',0,'Australia',0,0,0,'https://flagcdn.com/tn.svg','https://flagcdn.com/au.svg','Grupo D','Fase de Grupos',1),
(22,'2022-11-26 07:00:00','Polonia',0,'A. Saudita',0,0,0,'https://flagcdn.com/pl.svg','https://flagcdn.com/sa.svg','Grupo C','Fase de Grupos',1),
(23,'2022-11-26 10:00:00','Francia',0,'Dinamarca',0,0,0,'https://flagcdn.com/fr.svg','https://flagcdn.com/dk.svg','Grupo D','Fase de Grupos',1),
(24,'2022-11-26 13:00:00','Argentina',0,'Mexico',0,0,0,'https://flagcdn.com/ar.svg','https://flagcdn.com/mx.svg','Grupo C','Fase de Grupos',1),
(25,'2022-11-27 04:00:00','Japon',0,'Costa Rica',0,0,0,'https://flagcdn.com/jp.svg','https://flagcdn.com/cr.svg','Grupo E','Fase de Grupos',1),
(26,'2022-11-27 07:00:00','Belgica',0,'Marruecos',0,0,0,'https://flagcdn.com/be.svg','https://flagcdn.com/ma.svg','Grupo F','Fase de Grupos',1),
(27,'2022-11-27 10:00:00','Croacia',0,'Canada',0,0,0,'https://flagcdn.com/hr.svg','https://flagcdn.com/ca.svg','Grupo F','Fase de Grupos',1),
(28,'2022-11-27 13:00:00','España',0,'Alemania',0,0,0,'https://flagcdn.com/es.svg','https://flagcdn.com/de.svg','Grupo E','Fase de Grupos',1),
(29,'2022-11-28 04:00:00','Camerun',0,'Serbia',0,0,0,'https://flagcdn.com/cm.svg','https://flagcdn.com/rs.svg','Grupo G','Fase de Grupos',1),
(30,'2022-11-28 07:00:00','Korea del Sur',0,'Ghana',0,0,0,'https://flagcdn.com/kr.svg','https://flagcdn.com/gh.svg','Grupo H','Fase de Grupos',1),
(31,'2022-11-28 10:00:00','Brasil',0,'Suiza',0,0,0,'https://flagcdn.com/br.svg','https://flagcdn.com/ch.svg','Grupo G','Fase de Grupos',1),
(32,'2022-11-28 13:00:00','Portugal',0,'Uruguay',0,0,0,'https://flagcdn.com/pt.svg','https://flagcdn.com/uy.svg','Grupo H','Fase de Grupos',1),
(33,'2022-11-29 09:00:00','Holanda',0,'Katar',0,0,0,'https://flagcdn.com/nl.svg','https://flagcdn.com/qa.svg','Grupo A','Fase de Grupos',1),
(34,'2022-11-29 09:00:00','Ecuador',0,'Senegal',0,0,0,'https://flagcdn.com/ec.svg','https://flagcdn.com/sn.svg','Grupo A','Fase de Grupos',1),
(35,'2022-11-29 13:00:00','Iran',0,'USA',0,0,0,'https://flagcdn.com/ir.svg','https://flagcdn.com/us.svg','Grupo B','Fase de Grupos',1),
(36,'2022-11-29 13:00:00','Gales',0,'Inglaterra',0,0,0,'https://flagcdn.com/gb-wls.svg','https://flagcdn.com/gb.svg','Grupo B','Fase de Grupos',1),
(37,'2022-11-30 09:00:00','Australia',0,'Dinamarca',0,0,0,'https://flagcdn.com/au.svg','https://flagcdn.com/dk.svg','Grupo D','Fase de Grupos',1),
(38,'2022-11-30 09:00:00','Tunez',0,'Francia',0,0,0,'https://flagcdn.com/tn.svg','https://flagcdn.com/fr.svg','Grupo D','Fase de Grupos',1),
(39,'2022-11-30 13:00:00','Polonia',0,'Argentina',0,0,0,'https://flagcdn.com/pl.svg','https://flagcdn.com/ar.svg','Grupo C','Fase de Grupos',1),
(40,'2022-11-30 13:00:00','A. Saudita',0,'Mexico',0,0,0,'https://flagcdn.com/sa.svg','https://flagcdn.com/mx.svg','Grupo C','Fase de Grupos',1),
(41,'2022-12-01 09:00:00','Croacia',0,'Belgica',0,0,0,'https://flagcdn.com/hr.svg','https://flagcdn.com/be.svg','Grupo F','Fase de Grupos',1),
(42,'2022-12-01 09:00:00','Canada',0,'Marruecos',0,0,0,'https://flagcdn.com/ca.svg','https://flagcdn.com/ma.svg','Grupo F','Fase de Grupos',1),
(43,'2022-12-01 13:00:00','Costa Rica',0,'Alemania',0,0,0,'https://flagcdn.com/cr.svg','https://flagcdn.com/de.svg','Grupo E','Fase de Grupos',1),
(44,'2022-12-01 13:00:00','Japon',0,'España',0,0,0,'https://flagcdn.com/jp.svg','https://flagcdn.com/es.svg','Grupo E','Fase de Grupos',1),
(45,'2022-12-02 09:00:00','Ghana',0,'Uruguay',0,0,0,'https://flagcdn.com/gh.svg','https://flagcdn.com/uy.svg','Grupo H','Fase de Grupos',1),
(46,'2022-12-02 09:00:00','Korea del Sur',0,'Portugal',0,0,0,'https://flagcdn.com/kr.svg','https://flagcdn.com/pt.svg','Grupo H','Fase de Grupos',1),
(47,'2022-12-02 13:00:00','Serbia',0,'Suiza',0,0,0,'https://flagcdn.com/rs.svg','https://flagcdn.com/ch.svg','Grupo G','Fase de Grupos',1),
(48,'2022-12-02 13:00:00','Camerun',0,'Brasil',0,0,0,'https://flagcdn.com/cm.svg','https://flagcdn.com/br.svg','Grupo G','Fase de Grupos',1);

/*Table structure for table `pronosticos` */

DROP TABLE IF EXISTS `pronosticos`;

CREATE TABLE `pronosticos` (
  `id_pronostico` bigint(20) NOT NULL AUTO_INCREMENT,
  `id_juego` bigint(20) NOT NULL,
  `id_usuario` varchar(255) NOT NULL,
  `goles_a` bigint(20) NOT NULL,
  `goles_b` bigint(20) NOT NULL,
  `fecha_pronostico` datetime DEFAULT current_timestamp(),
  `id_torneo` bigint(20) DEFAULT NULL,
  PRIMARY KEY (`id_pronostico`)
) ENGINE=InnoDB AUTO_INCREMENT=539 DEFAULT CHARSET=latin1 ROW_FORMAT=DYNAMIC;

/*Data for the table `pronosticos` */

insert  into `pronosticos`(`id_pronostico`,`id_juego`,`id_usuario`,`goles_a`,`goles_b`,`fecha_pronostico`,`id_torneo`) values 
(24,1,'vdiaz3@gmail.com',2,0,'2022-10-17 19:39:27',1),
(25,1,'mangohead79@gmail.com',7,3,'2022-10-17 21:11:40',1),
(26,1,'cjuzga-contractor@dealerinspire.com',5,3,'2022-10-17 21:36:32',1),
(27,1,'cjuzga-contractor@dealerinspire.com',1,5,'2022-10-17 21:43:02',1),
(28,32,'cjuzga-contractor@dealerinspire.com',4,2,'2022-10-17 21:50:21',1),
(29,10,'vdiaz3@gmail.com',3,1,'2022-10-17 21:54:48',1),
(30,3,'vdiaz3@gmail.com',4,5,'2022-10-17 22:08:19',1),
(31,1,'cjuzga-contractor@dealerinspire.com',6,2,'2022-10-17 23:02:51',1),
(32,2,'cjuzga-contractor@dealerinspire.com',5,7,'2022-10-17 23:02:57',1),
(33,39,'cjuzga-contractor@dealerinspire.com',2,4,'2022-10-17 23:03:18',1),
(34,1,'elsac2290@gmail.com',2,0,'2022-10-18 03:35:01',1),
(35,1,'vdiaz3@gmail.com',4,4,'2022-10-18 15:41:19',1),
(36,2,'olaforhc@gmail.com',3,2,'2022-10-20 19:31:07',1),
(37,1,'olaforhc@gmail.com',0,2,'2022-10-20 19:32:10',1),
(38,2,'olaforhc@gmail.com',3,0,'2022-10-20 19:32:24',1),
(39,3,'olaforhc@gmail.com',2,1,'2022-10-20 19:32:41',1),
(40,4,'olaforhc@gmail.com',2,0,'2022-10-20 19:32:58',1),
(41,5,'olaforhc@gmail.com',4,0,'2022-10-20 19:33:48',1),
(42,6,'olaforhc@gmail.com',1,1,'2022-10-20 19:35:34',1),
(43,7,'olaforhc@gmail.com',2,1,'2022-10-20 19:37:58',1),
(44,7,'olaforhc@gmail.com',1,2,'2022-10-20 19:38:13',1),
(45,1,'maelo12008@gmail.com',0,2,'2022-10-20 19:38:27',1),
(46,1,'maelo12008@gmail.com',0,2,'2022-10-20 19:38:28',1),
(47,8,'olaforhc@gmail.com',4,0,'2022-10-20 19:38:33',1),
(48,9,'olaforhc@gmail.com',2,0,'2022-10-20 19:38:58',1),
(49,9,'olaforhc@gmail.com',2,0,'2022-10-20 19:38:58',1),
(50,10,'olaforhc@gmail.com',2,0,'2022-10-20 19:39:13',1),
(51,11,'olaforhc@gmail.com',1,1,'2022-10-20 19:39:30',1),
(52,12,'olaforhc@gmail.com',3,1,'2022-10-20 19:39:44',1),
(53,13,'olaforhc@gmail.com',2,1,'2022-10-20 19:40:08',1),
(54,13,'olaforhc@gmail.com',1,2,'2022-10-20 19:40:40',1),
(55,1,'vdiaz3@gmail.com',2,4,'2022-10-20 19:41:18',1),
(56,1,'olaforhc@gmail.com',0,2,'2022-10-20 19:49:57',1),
(57,29,'vdiaz3@gmail.com',2,3,'2022-10-20 19:51:52',1),
(58,17,'vdiaz3@gmail.com',4,2,'2022-10-20 19:52:09',1),
(59,1,'vdiaz3@gmail.com',2,4,'2022-10-20 19:57:35',1),
(60,1,'vdiaz3@gmail.com',0,0,'2022-10-20 21:13:27',1),
(61,48,'vdiaz3@gmail.com',1,2,'2022-10-21 01:40:28',1),
(62,2,'vdiaz3@gmail.com',1,0,'2022-10-21 01:40:39',1),
(63,3,'vdiaz3@gmail.com',1,2,'2022-10-21 01:40:49',1),
(64,4,'vdiaz3@gmail.com',2,1,'2022-10-21 01:41:02',1),
(65,5,'vdiaz3@gmail.com',3,0,'2022-10-21 01:41:13',1),
(66,16,'maelo12008@gmail.com',3,0,'2022-10-21 21:28:14',1),
(67,3,'eudyzerpa@gmail.com',2,2,'2022-10-22 03:59:19',2),
(69,1,'vdiaz3@gmail.com',2,1,'2022-10-22 22:24:02',2),
(71,1,'eudyzerpa@gmail.com',1,0,'2022-10-22 22:40:52',2),
(72,1,'eudyzerpa@gmail.com',1,0,'2022-10-22 22:40:52',2),
(73,2,'eudyzerpa@gmail.com',3,0,'2022-10-22 22:41:15',2),
(74,2,'eudyzerpa@gmail.com',3,0,'2022-10-22 22:41:23',2),
(75,2,'eudyzerpa@gmail.com',3,0,'2022-10-22 22:41:30',2),
(76,4,'eudyzerpa@gmail.com',1,0,'2022-10-22 22:43:45',2),
(77,1,'jlmu10@gmail.com',0,2,'2022-10-22 22:44:27',2),
(78,2,'jlmu10@gmail.com',2,0,'2022-10-22 22:44:55',2),
(79,5,'eudyzerpa@gmail.com',3,0,'2022-10-22 22:45:34',2),
(80,6,'eudyzerpa@gmail.com',2,0,'2022-10-22 22:46:11',2),
(81,6,'eudyzerpa@gmail.com',2,0,'2022-10-22 22:46:12',2),
(82,6,'eudyzerpa@gmail.com',2,0,'2022-10-22 22:46:14',2),
(83,4,'jlmu10@gmail.com',1,0,'2022-10-22 22:46:31',2),
(84,4,'jlmu10@gmail.com',1,0,'2022-10-22 22:46:31',2),
(85,6,'eudyzerpa@gmail.com',2,0,'2022-10-22 22:46:41',2),
(86,1,'jgarcia559@gmail.com',0,1,'2022-10-24 14:23:15',2),
(87,24,'jgarcia559@gmail.com',3,1,'2022-10-24 14:23:30',2),
(88,2,'jgarcia559@gmail.com',2,1,'2022-10-24 14:23:39',2),
(89,3,'jgarcia559@gmail.com',1,0,'2022-10-24 14:23:51',2),
(90,4,'jgarcia559@gmail.com',2,0,'2022-10-24 14:24:20',2),
(91,5,'jgarcia559@gmail.com',3,1,'2022-10-24 14:27:07',2),
(92,6,'jgarcia559@gmail.com',1,0,'2022-10-24 14:27:15',2),
(93,7,'jgarcia559@gmail.com',1,0,'2022-10-24 14:27:28',2),
(94,8,'jgarcia559@gmail.com',2,0,'2022-10-24 14:27:48',2),
(95,10,'jgarcia559@gmail.com',3,0,'2022-10-24 20:06:52',2),
(96,9,'jgarcia559@gmail.com',2,1,'2022-10-24 20:07:04',2),
(97,9,'jgarcia559@gmail.com',1,2,'2022-10-24 20:07:14',2),
(98,11,'jgarcia559@gmail.com',2,0,'2022-10-26 15:06:28',2),
(99,30,'jgarcia559@gmail.com',0,1,'2022-10-26 15:06:47',2),
(102,12,'jgarcia559@gmail.com',1,1,'2022-10-26 15:54:41',2),
(104,13,'jgarcia559@gmail.com',0,1,'2022-10-26 15:54:59',2),
(105,14,'jgarcia559@gmail.com',2,0,'2022-10-26 15:56:31',2),
(106,15,'jgarcia559@gmail.com',2,0,'2022-10-27 17:22:42',2),
(107,16,'jgarcia559@gmail.com',3,0,'2022-10-27 17:23:26',2),
(108,16,'jgarcia559@gmail.com',3,0,'2022-10-27 17:23:27',2),
(109,17,'jgarcia559@gmail.com',0,0,'2022-10-27 17:24:39',2),
(110,18,'jgarcia559@gmail.com',0,2,'2022-10-27 17:25:22',2),
(111,19,'jgarcia559@gmail.com',2,1,'2022-10-27 17:25:55',2),
(112,20,'jgarcia559@gmail.com',2,1,'2022-10-27 17:26:34',2),
(113,21,'jgarcia559@gmail.com',1,1,'2022-10-27 17:45:00',2),
(114,22,'jgarcia559@gmail.com',0,1,'2022-10-27 17:53:48',2),
(115,23,'jgarcia559@gmail.com',2,0,'2022-10-27 17:54:04',2),
(116,25,'jgarcia559@gmail.com',1,0,'2022-10-27 17:54:26',2),
(117,26,'jgarcia559@gmail.com',2,1,'2022-10-27 17:54:40',2),
(118,28,'jgarcia559@gmail.com',1,2,'2022-10-27 17:55:04',2),
(119,27,'jgarcia559@gmail.com',1,0,'2022-10-27 17:55:30',2),
(120,29,'jgarcia559@gmail.com',2,0,'2022-10-27 17:56:00',2),
(121,29,'jgarcia559@gmail.com',2,0,'2022-10-27 17:56:01',2),
(122,29,'jgarcia559@gmail.com',2,0,'2022-10-27 17:56:03',2),
(123,31,'jgarcia559@gmail.com',2,1,'2022-10-27 20:55:03',2),
(143,1,'ernestopetroni@gmail.com',1,2,'2022-11-04 10:25:38',3),
(144,2,'ernestopetroni@gmail.com',3,0,'2022-11-04 10:25:58',3),
(145,3,'ernestopetroni@gmail.com',1,1,'2022-11-04 10:26:17',3),
(146,4,'ernestopetroni@gmail.com',2,1,'2022-11-04 10:26:47',3),
(147,5,'ernestopetroni@gmail.com',3,0,'2022-11-04 10:27:11',3),
(148,6,'ernestopetroni@gmail.com',2,0,'2022-11-04 10:27:25',3),
(149,7,'ernestopetroni@gmail.com',1,1,'2022-11-04 10:27:54',3),
(150,8,'ernestopetroni@gmail.com',3,1,'2022-11-04 10:28:09',3),
(151,9,'ernestopetroni@gmail.com',0,2,'2022-11-04 10:28:33',3),
(152,10,'ernestopetroni@gmail.com',2,0,'2022-11-04 10:29:06',3),
(153,11,'ernestopetroni@gmail.com',3,1,'2022-11-04 10:29:42',3),
(154,12,'ernestopetroni@gmail.com',1,1,'2022-11-04 10:29:56',3),
(155,13,'ernestopetroni@gmail.com',3,2,'2022-11-04 10:30:38',3),
(156,14,'ernestopetroni@gmail.com',2,1,'2022-11-04 10:31:01',3),
(157,15,'ernestopetroni@gmail.com',2,0,'2022-11-04 10:31:24',3),
(158,16,'ernestopetroni@gmail.com',3,0,'2022-11-04 10:31:34',3),
(159,17,'ernestopetroni@gmail.com',1,0,'2022-11-04 10:32:07',3),
(160,18,'ernestopetroni@gmail.com',1,0,'2022-11-04 10:32:44',3),
(161,19,'ernestopetroni@gmail.com',1,1,'2022-11-04 10:33:06',3),
(162,20,'ernestopetroni@gmail.com',3,1,'2022-11-04 10:33:21',3),
(163,21,'ernestopetroni@gmail.com',1,1,'2022-11-04 10:33:46',3),
(164,22,'ernestopetroni@gmail.com',2,0,'2022-11-04 10:34:00',3),
(165,23,'ernestopetroni@gmail.com',3,2,'2022-11-04 10:34:31',3),
(166,24,'ernestopetroni@gmail.com',3,1,'2022-11-04 10:34:46',3),
(167,25,'ernestopetroni@gmail.com',1,1,'2022-11-04 10:35:00',3),
(168,26,'ernestopetroni@gmail.com',1,0,'2022-11-04 10:35:31',3),
(169,27,'ernestopetroni@gmail.com',3,1,'2022-11-04 10:35:44',3),
(170,28,'ernestopetroni@gmail.com',2,2,'2022-11-04 10:36:11',3),
(171,29,'ernestopetroni@gmail.com',2,1,'2022-11-04 10:36:32',3),
(172,30,'ernestopetroni@gmail.com',1,1,'2022-11-04 10:36:47',3),
(173,31,'ernestopetroni@gmail.com',3,0,'2022-11-04 10:36:58',3),
(174,32,'ernestopetroni@gmail.com',2,1,'2022-11-04 10:37:18',3),
(175,33,'ernestopetroni@gmail.com',1,1,'2022-11-04 10:37:51',3),
(176,34,'ernestopetroni@gmail.com',2,0,'2022-11-04 10:38:08',3),
(177,35,'ernestopetroni@gmail.com',2,2,'2022-11-04 10:38:37',3),
(178,36,'ernestopetroni@gmail.com',2,0,'2022-11-04 10:38:54',3),
(179,36,'ernestopetroni@gmail.com',0,2,'2022-11-04 10:39:14',3),
(180,37,'ernestopetroni@gmail.com',0,2,'2022-11-04 10:42:21',3),
(181,38,'ernestopetroni@gmail.com',0,4,'2022-11-04 10:42:44',3),
(182,39,'ernestopetroni@gmail.com',1,3,'2022-11-04 10:43:00',3),
(183,40,'ernestopetroni@gmail.com',1,2,'2022-11-04 10:43:23',3),
(184,41,'ernestopetroni@gmail.com',3,2,'2022-11-04 10:43:38',3),
(185,42,'ernestopetroni@gmail.com',2,0,'2022-11-04 10:43:54',3),
(186,43,'ernestopetroni@gmail.com',1,3,'2022-11-04 10:44:26',3),
(187,44,'ernestopetroni@gmail.com',0,3,'2022-11-04 10:44:44',3),
(188,45,'ernestopetroni@gmail.com',0,2,'2022-11-04 10:45:11',3),
(189,46,'ernestopetroni@gmail.com',1,3,'2022-11-04 10:45:31',3),
(190,47,'ernestopetroni@gmail.com',1,2,'2022-11-04 10:45:46',3),
(191,48,'ernestopetroni@gmail.com',0,2,'2022-11-04 10:46:00',3),
(192,1,'vdiaz3@gmail.com',1,2,'2022-11-04 17:36:15',3),
(193,2,'vdiaz3@gmail.com',3,0,'2022-11-04 17:36:27',3),
(194,6,'vdiaz3@gmail.com',1,0,'2022-11-04 17:36:50',3),
(195,7,'vdiaz3@gmail.com',1,0,'2022-11-04 17:37:05',3),
(196,8,'vdiaz3@gmail.com',2,0,'2022-11-04 17:37:15',3),
(197,12,'vdiaz3@gmail.com',2,0,'2022-11-04 17:37:26',3),
(198,9,'vdiaz3@gmail.com',1,1,'2022-11-04 17:37:47',3),
(199,1,'vdiaz3@gmail.com',1,2,'2022-11-04 19:42:45',2),
(200,1,'vdiaz3@gmail.com',1,3,'2022-11-04 19:44:54',2),
(201,1,'vdiaz3@gmail.com',0,2,'2022-11-04 19:45:04',3),
(202,1,'vdiaz3@gmail.com',1,2,'2022-11-05 16:31:06',1),
(203,2,'vdiaz3@gmail.com',1,1,'2022-11-05 16:31:15',1),
(204,1,'vdiaz3@gmail.com',0,3,'2022-11-05 16:31:32',3),
(205,2,'vdiaz3@gmail.com',3,0,'2022-11-05 16:31:37',3),
(206,3,'vdiaz3@gmail.com',2,0,'2022-11-05 16:31:46',3),
(207,5,'vdiaz3@gmail.com',4,0,'2022-11-05 16:31:53',3),
(208,4,'vdiaz3@gmail.com',2,1,'2022-11-05 16:32:06',3),
(209,1,'georgersr1911@gmail.com',2,1,'2022-11-06 21:57:16',3),
(210,2,'georgersr1911@gmail.com',3,0,'2022-11-06 21:57:26',3),
(211,3,'georgersr1911@gmail.com',2,0,'2022-11-06 21:57:46',3),
(212,4,'georgersr1911@gmail.com',1,1,'2022-11-06 21:57:59',3),
(213,5,'georgersr1911@gmail.com',3,0,'2022-11-06 21:58:15',3),
(214,6,'georgersr1911@gmail.com',2,0,'2022-11-06 21:58:29',3),
(215,7,'georgersr1911@gmail.com',3,1,'2022-11-06 21:58:39',3),
(216,8,'georgersr1911@gmail.com',2,1,'2022-11-06 22:05:20',3),
(217,9,'georgersr1911@gmail.com',0,1,'2022-11-06 22:05:37',3),
(218,10,'georgersr1911@gmail.com',3,0,'2022-11-06 22:05:51',3),
(219,10,'georgersr1911@gmail.com',3,0,'2022-11-06 22:05:54',3),
(220,11,'georgersr1911@gmail.com',2,1,'2022-11-06 22:06:03',3),
(221,12,'georgersr1911@gmail.com',1,1,'2022-11-06 22:06:14',3),
(222,13,'georgersr1911@gmail.com',1,1,'2022-11-06 22:06:31',3),
(223,14,'georgersr1911@gmail.com',2,0,'2022-11-06 22:06:42',3),
(224,15,'georgersr1911@gmail.com',2,0,'2022-11-06 22:06:58',3),
(225,16,'georgersr1911@gmail.com',3,1,'2022-11-06 22:07:12',3),
(226,17,'georgersr1911@gmail.com',2,1,'2022-11-06 22:07:24',3),
(227,18,'georgersr1911@gmail.com',1,1,'2022-11-06 22:07:33',3),
(228,19,'georgersr1911@gmail.com',0,2,'2022-11-06 22:07:43',3),
(229,20,'georgersr1911@gmail.com',2,1,'2022-11-06 22:07:56',3),
(230,21,'georgersr1911@gmail.com',1,1,'2022-11-06 22:08:07',3),
(231,22,'georgersr1911@gmail.com',1,1,'2022-11-06 22:08:18',3),
(232,23,'georgersr1911@gmail.com',2,1,'2022-11-06 22:08:29',3),
(233,24,'georgersr1911@gmail.com',3,1,'2022-11-06 22:08:40',3),
(234,24,'georgersr1911@gmail.com',3,2,'2022-11-06 22:08:59',3),
(235,25,'georgersr1911@gmail.com',0,1,'2022-11-06 22:09:13',3),
(236,26,'georgersr1911@gmail.com',1,1,'2022-11-06 22:09:25',3),
(237,27,'georgersr1911@gmail.com',2,1,'2022-11-06 22:09:38',3),
(238,28,'georgersr1911@gmail.com',1,2,'2022-11-06 22:09:54',3),
(239,29,'georgersr1911@gmail.com',1,1,'2022-11-06 22:10:04',3),
(240,30,'georgersr1911@gmail.com',0,0,'2022-11-06 22:10:21',3),
(241,31,'georgersr1911@gmail.com',2,0,'2022-11-06 22:10:31',3),
(242,32,'georgersr1911@gmail.com',2,1,'2022-11-06 22:10:46',3),
(243,33,'georgersr1911@gmail.com',1,1,'2022-11-06 22:10:58',3),
(244,34,'georgersr1911@gmail.com',2,0,'2022-11-06 22:11:11',3),
(245,35,'georgersr1911@gmail.com',0,2,'2022-11-06 22:11:30',3),
(246,36,'georgersr1911@gmail.com',0,2,'2022-11-06 22:11:42',3),
(247,37,'georgersr1911@gmail.com',0,1,'2022-11-06 22:11:54',3),
(248,38,'georgersr1911@gmail.com',0,3,'2022-11-06 22:12:07',3),
(249,39,'georgersr1911@gmail.com',0,2,'2022-11-06 22:12:19',3),
(250,40,'georgersr1911@gmail.com',0,1,'2022-11-06 22:12:33',3),
(251,41,'georgersr1911@gmail.com',1,1,'2022-11-06 22:12:44',3),
(252,42,'georgersr1911@gmail.com',1,1,'2022-11-06 22:12:56',3),
(253,43,'georgersr1911@gmail.com',0,2,'2022-11-06 22:13:09',3),
(254,44,'georgersr1911@gmail.com',0,2,'2022-11-06 22:13:21',3),
(255,45,'georgersr1911@gmail.com',0,2,'2022-11-06 22:13:34',3),
(256,46,'georgersr1911@gmail.com',0,2,'2022-11-06 22:13:46',3),
(257,47,'georgersr1911@gmail.com',1,0,'2022-11-06 22:14:00',3),
(258,48,'georgersr1911@gmail.com',0,2,'2022-11-06 22:14:13',3),
(259,48,'georgersr1911@gmail.com',0,3,'2022-11-06 22:14:23',3),
(260,1,'vdiaz3@gmail.com',1,2,'2022-11-07 14:48:06',1),
(261,1,'vdiaz3@gmail.com',2,1,'2022-11-07 14:48:14',2),
(262,1,'vdiaz3@gmail.com',1,0,'2022-11-07 15:06:17',1),
(263,1,'vdiaz3@gmail.com',2,1,'2022-11-07 15:36:37',2),
(264,1,'wramirez831979@gmail.com',1,2,'2022-11-07 18:03:54',1),
(265,2,'wramirez831979@gmail.com',2,0,'2022-11-07 18:04:27',1),
(266,3,'wramirez831979@gmail.com',1,1,'2022-11-07 18:04:46',1),
(267,4,'wramirez831979@gmail.com',2,1,'2022-11-07 18:05:10',1),
(268,5,'wramirez831979@gmail.com',2,0,'2022-11-07 18:05:39',1),
(269,6,'wramirez831979@gmail.com',3,0,'2022-11-07 18:05:59',1),
(270,7,'wramirez831979@gmail.com',1,1,'2022-11-07 18:06:18',1),
(271,8,'wramirez831979@gmail.com',2,0,'2022-11-07 18:06:46',1),
(272,9,'wramirez831979@gmail.com',0,2,'2022-11-07 18:07:08',1),
(273,10,'wramirez831979@gmail.com',1,1,'2022-11-07 18:07:42',1),
(274,11,'wramirez831979@gmail.com',1,0,'2022-11-07 18:08:02',1),
(275,12,'wramirez831979@gmail.com',2,0,'2022-11-07 18:08:19',1),
(276,13,'wramirez831979@gmail.com',0,1,'2022-11-07 18:08:41',1),
(277,14,'wramirez831979@gmail.com',2,1,'2022-11-07 18:08:58',1),
(278,15,'wramirez831979@gmail.com',1,1,'2022-11-07 18:09:17',1),
(279,16,'wramirez831979@gmail.com',2,0,'2022-11-07 18:09:33',1),
(280,17,'wramirez831979@gmail.com',2,1,'2022-11-07 18:09:51',1),
(281,18,'wramirez831979@gmail.com',0,2,'2022-11-07 18:10:14',1),
(282,19,'wramirez831979@gmail.com',0,0,'2022-11-07 18:10:39',1),
(283,20,'wramirez831979@gmail.com',1,0,'2022-11-07 18:11:01',1),
(284,21,'wramirez831979@gmail.com',1,2,'2022-11-07 18:11:25',1),
(285,22,'wramirez831979@gmail.com',2,0,'2022-11-07 18:11:45',1),
(286,23,'wramirez831979@gmail.com',0,0,'2022-11-07 18:12:02',1),
(287,24,'wramirez831979@gmail.com',3,1,'2022-11-07 18:12:21',1),
(288,25,'wramirez831979@gmail.com',2,1,'2022-11-07 18:12:42',1),
(289,26,'wramirez831979@gmail.com',3,0,'2022-11-07 18:13:04',1),
(290,27,'wramirez831979@gmail.com',2,1,'2022-11-07 18:13:47',1),
(291,28,'wramirez831979@gmail.com',1,1,'2022-11-07 18:14:26',1),
(292,29,'wramirez831979@gmail.com',1,1,'2022-11-07 18:14:52',1),
(293,30,'wramirez831979@gmail.com',0,2,'2022-11-07 18:15:10',1),
(294,31,'wramirez831979@gmail.com',2,1,'2022-11-07 18:15:33',1),
(295,32,'wramirez831979@gmail.com',1,1,'2022-11-07 18:16:02',1),
(296,33,'wramirez831979@gmail.com',2,1,'2022-11-07 18:16:46',1),
(297,34,'wramirez831979@gmail.com',1,1,'2022-11-07 18:17:14',1),
(298,35,'wramirez831979@gmail.com',1,2,'2022-11-07 18:17:35',1),
(299,36,'wramirez831979@gmail.com',3,0,'2022-11-07 18:17:53',1),
(300,37,'wramirez831979@gmail.com',1,3,'2022-11-07 18:18:09',1),
(301,38,'wramirez831979@gmail.com',0,3,'2022-11-07 18:18:25',1),
(302,39,'wramirez831979@gmail.com',0,1,'2022-11-07 18:18:45',1),
(303,40,'wramirez831979@gmail.com',0,2,'2022-11-07 18:19:02',1),
(304,41,'wramirez831979@gmail.com',1,1,'2022-11-07 18:19:19',1),
(305,42,'wramirez831979@gmail.com',2,0,'2022-11-07 18:19:35',1),
(306,43,'wramirez831979@gmail.com',0,1,'2022-11-07 18:19:50',1),
(307,44,'wramirez831979@gmail.com',1,2,'2022-11-07 18:20:02',1),
(308,45,'wramirez831979@gmail.com',1,2,'2022-11-07 18:20:34',1),
(309,46,'wramirez831979@gmail.com',1,2,'2022-11-07 18:20:58',1),
(310,47,'wramirez831979@gmail.com',0,1,'2022-11-07 18:21:18',1),
(311,48,'wramirez831979@gmail.com',0,2,'2022-11-07 18:21:39',1),
(312,1,'mangohead79@gmail.com',2,2,'2022-11-10 18:09:30',1),
(313,2,'mangohead79@gmail.com',3,0,'2022-11-10 18:10:14',1),
(314,1,'marcosanv@gmail.com',0,2,'2022-11-11 20:25:21',1),
(315,2,'marcosanv@gmail.com',3,0,'2022-11-11 20:25:35',1),
(316,3,'marcosanv@gmail.com',1,2,'2022-11-11 20:27:01',1),
(317,4,'marcosanv@gmail.com',2,0,'2022-11-11 20:27:21',1),
(318,5,'marcosanv@gmail.com',4,0,'2022-11-11 20:28:17',1),
(319,6,'marcosanv@gmail.com',1,0,'2022-11-11 20:28:37',1),
(320,7,'marcosanv@gmail.com',1,0,'2022-11-11 20:31:42',1),
(321,8,'marcosanv@gmail.com',2,0,'2022-11-11 20:32:11',1),
(322,9,'marcosanv@gmail.com',1,0,'2022-11-11 20:32:27',1),
(323,10,'marcosanv@gmail.com',2,0,'2022-11-11 20:32:48',1),
(324,11,'marcosanv@gmail.com',3,0,'2022-11-11 20:34:55',1),
(325,12,'marcosanv@gmail.com',2,0,'2022-11-11 20:35:14',1),
(326,13,'marcosanv@gmail.com',0,1,'2022-11-11 20:35:43',1),
(327,14,'marcosanv@gmail.com',1,0,'2022-11-11 20:36:05',1),
(328,15,'marcosanv@gmail.com',3,1,'2022-11-11 20:36:30',1),
(329,16,'marcosanv@gmail.com',3,0,'2022-11-11 20:36:47',1),
(330,17,'marcosanv@gmail.com',2,0,'2022-11-11 20:37:07',1),
(331,18,'marcosanv@gmail.com',1,0,'2022-11-11 20:38:20',1),
(332,19,'marcosanv@gmail.com',1,1,'2022-11-11 20:41:08',1),
(333,20,'marcosanv@gmail.com',2,0,'2022-11-11 20:41:30',1),
(334,21,'marcosanv@gmail.com',2,0,'2022-11-11 20:43:08',1),
(335,22,'marcosanv@gmail.com',2,0,'2022-11-11 20:43:42',1),
(336,23,'marcosanv@gmail.com',2,0,'2022-11-11 20:43:59',1),
(337,24,'marcosanv@gmail.com',3,1,'2022-11-11 20:44:27',1),
(338,25,'marcosanv@gmail.com',2,0,'2022-11-11 20:44:51',1),
(339,26,'marcosanv@gmail.com',2,0,'2022-11-11 20:45:33',1),
(340,27,'marcosanv@gmail.com',1,0,'2022-11-11 20:45:51',1),
(341,28,'marcosanv@gmail.com',1,2,'2022-11-11 20:46:14',1),
(342,29,'marcosanv@gmail.com',1,1,'2022-11-11 20:46:33',1),
(343,30,'marcosanv@gmail.com',0,1,'2022-11-11 20:47:18',1),
(344,31,'marcosanv@gmail.com',2,0,'2022-11-11 20:47:36',1),
(345,32,'marcosanv@gmail.com',1,2,'2022-11-11 20:48:03',1),
(346,33,'marcosanv@gmail.com',1,1,'2022-11-11 20:48:31',1),
(347,34,'marcosanv@gmail.com',1,0,'2022-11-11 20:48:56',1),
(348,35,'marcosanv@gmail.com',0,2,'2022-11-11 20:49:23',1),
(349,35,'marcosanv@gmail.com',0,2,'2022-11-11 20:49:25',1),
(350,36,'marcosanv@gmail.com',0,2,'2022-11-11 20:49:50',1),
(351,37,'marcosanv@gmail.com',1,1,'2022-11-11 20:50:36',1),
(352,38,'marcosanv@gmail.com',0,3,'2022-11-11 20:51:09',1),
(353,39,'marcosanv@gmail.com',1,3,'2022-11-11 20:51:52',1),
(354,40,'marcosanv@gmail.com',0,2,'2022-11-11 20:52:26',1),
(355,41,'marcosanv@gmail.com',2,2,'2022-11-11 20:53:05',1),
(356,42,'marcosanv@gmail.com',0,1,'2022-11-11 20:53:23',1),
(357,43,'marcosanv@gmail.com',0,2,'2022-11-11 20:53:42',1),
(358,44,'marcosanv@gmail.com',0,3,'2022-11-11 20:54:05',1),
(359,45,'marcosanv@gmail.com',2,2,'2022-11-11 20:54:30',1),
(360,46,'marcosanv@gmail.com',0,3,'2022-11-11 20:54:53',1),
(361,47,'marcosanv@gmail.com',2,1,'2022-11-11 20:55:27',1),
(362,48,'marcosanv@gmail.com',0,2,'2022-11-11 20:55:51',1),
(363,1,'hjsanoja2@gmail.com',0,2,'2022-11-13 16:30:44',4),
(364,2,'hjsanoja2@gmail.com',2,1,'2022-11-13 16:31:02',4),
(365,3,'hjsanoja2@gmail.com',2,3,'2022-11-13 16:31:11',4),
(366,4,'hjsanoja2@gmail.com',1,1,'2022-11-13 16:31:20',4),
(367,1,'ranulfoamedorv@gmail.com',1,2,'2022-11-13 16:48:24',4),
(368,1,'sailecrm@gmail.com',1,1,'2022-11-15 12:59:49',2),
(369,1,'sailecrm@gmail.com',1,1,'2022-11-15 12:59:50',2),
(370,2,'sailecrm@gmail.com',2,0,'2022-11-15 13:00:08',2),
(371,3,'sailecrm@gmail.com',0,2,'2022-11-15 13:00:27',2),
(372,4,'sailecrm@gmail.com',0,0,'2022-11-15 13:00:48',2),
(373,5,'sailecrm@gmail.com',3,0,'2022-11-15 13:01:07',2),
(374,6,'sailecrm@gmail.com',0,0,'2022-11-15 13:02:28',2),
(375,7,'sailecrm@gmail.com',2,1,'2022-11-15 13:07:20',2),
(376,8,'sailecrm@gmail.com',3,0,'2022-11-15 13:08:24',2),
(377,9,'sailecrm@gmail.com',2,0,'2022-11-15 13:12:10',2),
(378,10,'sailecrm@gmail.com',2,0,'2022-11-15 13:15:34',2),
(379,11,'sailecrm@gmail.com',2,1,'2022-11-15 13:16:54',2),
(380,12,'sailecrm@gmail.com',3,0,'2022-11-15 13:17:24',2),
(381,13,'sailecrm@gmail.com',1,0,'2022-11-15 13:17:47',2),
(382,14,'sailecrm@gmail.com',1,0,'2022-11-15 13:27:59',2),
(383,15,'sailecrm@gmail.com',2,0,'2022-11-15 13:30:27',2),
(384,1,'vdiaz3@gmail.com',1,0,'2022-11-15 16:46:58',2),
(385,1,'vdiaz3@gmail.com',2,1,'2022-11-15 16:47:14',1),
(386,1,'vdiaz3@gmail.com',2,0,'2022-11-15 16:47:32',4),
(387,2,'vdiaz3@gmail.com',3,1,'2022-11-15 16:48:27',2),
(388,2,'vdiaz3@gmail.com',3,1,'2022-11-15 16:48:29',2),
(389,4,'jlmu10@gmail.com',0,1,'2022-11-15 21:54:38',2),
(390,3,'jlmu10@gmail.com',1,2,'2022-11-15 21:54:56',2),
(391,1,'gromer230591@gmail.com',2,2,'2022-11-16 14:53:08',5),
(392,3,'gromer230591@gmail.com',1,2,'2022-11-16 14:53:31',5),
(393,2,'gromer230591@gmail.com',3,1,'2022-11-16 14:53:56',5),
(394,4,'gromer230591@gmail.com',1,0,'2022-11-16 14:54:06',5),
(395,5,'gromer230591@gmail.com',4,0,'2022-11-16 14:54:15',5),
(396,7,'gromer230591@gmail.com',2,0,'2022-11-16 14:54:30',5),
(397,6,'gromer230591@gmail.com',3,0,'2022-11-16 14:54:42',5),
(398,8,'gromer230591@gmail.com',2,1,'2022-11-16 14:54:54',5),
(399,9,'gromer230591@gmail.com',1,2,'2022-11-16 14:55:06',5),
(400,10,'gromer230591@gmail.com',3,0,'2022-11-16 14:55:22',5),
(401,11,'gromer230591@gmail.com',2,1,'2022-11-16 14:55:38',5),
(402,12,'gromer230591@gmail.com',2,0,'2022-11-16 14:55:49',5),
(403,13,'gromer230591@gmail.com',2,0,'2022-11-16 14:56:01',5),
(404,14,'gromer230591@gmail.com',1,0,'2022-11-16 14:56:14',5),
(405,15,'gromer230591@gmail.com',2,2,'2022-11-16 14:56:22',5),
(406,16,'gromer230591@gmail.com',2,1,'2022-11-16 14:56:32',5),
(407,17,'gromer230591@gmail.com',2,2,'2022-11-16 14:56:50',5),
(408,19,'gromer230591@gmail.com',1,0,'2022-11-16 14:57:12',5),
(409,18,'gromer230591@gmail.com',1,2,'2022-11-16 14:57:36',5),
(410,20,'gromer230591@gmail.com',1,1,'2022-11-16 14:57:51',5),
(411,21,'gromer230591@gmail.com',1,2,'2022-11-16 14:58:05',5),
(412,22,'gromer230591@gmail.com',3,1,'2022-11-16 14:58:17',5),
(413,23,'gromer230591@gmail.com',2,2,'2022-11-16 14:58:29',5),
(414,24,'gromer230591@gmail.com',0,1,'2022-11-16 14:58:56',5),
(415,25,'gromer230591@gmail.com',2,2,'2022-11-16 14:59:26',5),
(416,26,'gromer230591@gmail.com',3,0,'2022-11-16 14:59:38',5),
(417,27,'gromer230591@gmail.com',3,1,'2022-11-16 14:59:53',5),
(418,28,'gromer230591@gmail.com',1,2,'2022-11-16 15:00:04',5),
(419,29,'gromer230591@gmail.com',1,2,'2022-11-16 15:00:18',5),
(420,30,'gromer230591@gmail.com',2,3,'2022-11-16 15:00:28',5),
(421,31,'gromer230591@gmail.com',2,2,'2022-11-16 15:00:51',5),
(422,32,'gromer230591@gmail.com',2,1,'2022-11-16 15:01:04',5),
(423,33,'gromer230591@gmail.com',3,1,'2022-11-16 15:01:16',5),
(424,34,'gromer230591@gmail.com',2,0,'2022-11-16 15:01:29',5),
(425,35,'gromer230591@gmail.com',2,2,'2022-11-16 15:01:47',5),
(426,36,'gromer230591@gmail.com',1,3,'2022-11-16 15:02:01',5),
(427,37,'gromer230591@gmail.com',1,1,'2022-11-16 15:02:18',5),
(428,38,'gromer230591@gmail.com',0,2,'2022-11-16 15:02:35',5),
(429,39,'gromer230591@gmail.com',1,1,'2022-11-16 15:02:52',5),
(430,40,'gromer230591@gmail.com',2,2,'2022-11-16 15:03:11',5),
(431,41,'gromer230591@gmail.com',1,0,'2022-11-16 15:03:29',5),
(432,42,'gromer230591@gmail.com',2,1,'2022-11-16 15:03:41',5),
(433,43,'gromer230591@gmail.com',0,2,'2022-11-16 15:04:02',5),
(434,44,'gromer230591@gmail.com',1,1,'2022-11-16 15:04:41',5),
(435,45,'gromer230591@gmail.com',2,1,'2022-11-16 15:04:51',5),
(436,46,'gromer230591@gmail.com',1,2,'2022-11-16 15:05:00',5),
(437,47,'gromer230591@gmail.com',0,2,'2022-11-16 15:05:18',5),
(438,48,'gromer230591@gmail.com',0,3,'2022-11-16 15:05:27',5),
(439,1,'vdiaz3@gmail.com',0,2,'2022-11-16 16:39:41',7),
(440,1,'juliocesarbr2591@gmail.com',0,3,'2022-11-16 17:29:52',2),
(441,1,'marianaceciliamoreno@gmail.com',1,0,'2022-11-16 18:06:11',3),
(442,2,'marianaceciliamoreno@gmail.com',2,0,'2022-11-16 18:06:26',3),
(443,3,'marianaceciliamoreno@gmail.com',0,2,'2022-11-16 18:06:38',3),
(444,4,'marianaceciliamoreno@gmail.com',1,1,'2022-11-16 18:06:49',3),
(445,5,'marianaceciliamoreno@gmail.com',2,1,'2022-11-16 18:07:03',3),
(446,6,'marianaceciliamoreno@gmail.com',1,1,'2022-11-16 18:07:20',3),
(447,7,'marianaceciliamoreno@gmail.com',0,1,'2022-11-16 18:07:38',3),
(448,8,'marianaceciliamoreno@gmail.com',2,1,'2022-11-16 18:07:54',3),
(449,9,'marianaceciliamoreno@gmail.com',2,0,'2022-11-16 18:08:05',3),
(450,10,'marianaceciliamoreno@gmail.com',2,1,'2022-11-16 18:08:18',3),
(451,11,'marianaceciliamoreno@gmail.com',1,1,'2022-11-16 18:08:33',3),
(452,12,'marianaceciliamoreno@gmail.com',1,0,'2022-11-16 18:08:49',3),
(453,14,'marianaceciliamoreno@gmail.com',1,0,'2022-11-16 18:09:08',3),
(454,13,'marianaceciliamoreno@gmail.com',2,1,'2022-11-16 18:09:22',3),
(455,15,'marianaceciliamoreno@gmail.com',2,0,'2022-11-16 18:09:38',3),
(456,48,'marianaceciliamoreno@gmail.com',1,2,'2022-11-16 18:09:56',3),
(457,47,'marianaceciliamoreno@gmail.com',0,0,'2022-11-16 18:10:11',3),
(458,16,'marianaceciliamoreno@gmail.com',3,0,'2022-11-16 18:10:25',3),
(459,17,'marianaceciliamoreno@gmail.com',2,0,'2022-11-16 18:10:38',3),
(460,18,'marianaceciliamoreno@gmail.com',0,0,'2022-11-16 18:10:51',3),
(461,19,'marianaceciliamoreno@gmail.com',2,0,'2022-11-16 18:11:05',3),
(462,20,'marianaceciliamoreno@gmail.com',1,1,'2022-11-16 18:11:19',3),
(463,22,'marianaceciliamoreno@gmail.com',2,0,'2022-11-16 18:11:31',3),
(464,21,'marianaceciliamoreno@gmail.com',1,1,'2022-11-16 18:11:42',3),
(465,23,'marianaceciliamoreno@gmail.com',3,1,'2022-11-16 18:11:56',3),
(466,24,'marianaceciliamoreno@gmail.com',2,0,'2022-11-16 18:12:09',3),
(467,25,'marianaceciliamoreno@gmail.com',0,0,'2022-11-16 18:12:23',3),
(468,26,'marianaceciliamoreno@gmail.com',2,1,'2022-11-16 18:12:35',3),
(469,27,'marianaceciliamoreno@gmail.com',2,0,'2022-11-16 18:12:49',3),
(470,28,'marianaceciliamoreno@gmail.com',1,1,'2022-11-16 18:13:00',3),
(471,29,'marianaceciliamoreno@gmail.com',1,1,'2022-11-16 18:13:12',3),
(472,46,'marianaceciliamoreno@gmail.com',1,2,'2022-11-16 18:13:26',3),
(473,45,'marianaceciliamoreno@gmail.com',1,1,'2022-11-16 18:13:46',3),
(474,2,'gabriel.en.gonzalez@gmail.com',3,2,'2022-11-16 18:13:53',3),
(475,30,'marianaceciliamoreno@gmail.com',1,2,'2022-11-16 18:14:05',3),
(476,31,'marianaceciliamoreno@gmail.com',2,1,'2022-11-16 18:14:16',3),
(477,44,'marianaceciliamoreno@gmail.com',1,2,'2022-11-16 18:14:26',3),
(478,3,'gabriel.en.gonzalez@gmail.com',1,3,'2022-11-16 18:14:29',3),
(479,1,'gabriel.en.gonzalez@gmail.com',0,2,'2022-11-16 18:14:38',3),
(480,32,'marianaceciliamoreno@gmail.com',2,2,'2022-11-16 18:14:39',3),
(481,33,'marianaceciliamoreno@gmail.com',2,1,'2022-11-16 18:14:50',3),
(482,35,'marianaceciliamoreno@gmail.com',0,2,'2022-11-16 18:15:04',3),
(483,36,'marianaceciliamoreno@gmail.com',1,1,'2022-11-16 18:15:14',3),
(484,4,'gabriel.en.gonzalez@gmail.com',0,1,'2022-11-16 18:15:18',3),
(485,5,'gabriel.en.gonzalez@gmail.com',3,0,'2022-11-16 18:15:26',3),
(486,34,'marianaceciliamoreno@gmail.com',0,1,'2022-11-16 18:15:29',3),
(487,6,'gabriel.en.gonzalez@gmail.com',1,1,'2022-11-16 18:15:35',3),
(488,38,'marianaceciliamoreno@gmail.com',1,2,'2022-11-16 18:15:41',3),
(489,7,'gabriel.en.gonzalez@gmail.com',1,0,'2022-11-16 18:15:46',3),
(490,43,'marianaceciliamoreno@gmail.com',1,2,'2022-11-16 18:15:54',3),
(491,8,'gabriel.en.gonzalez@gmail.com',3,1,'2022-11-16 18:15:56',3),
(492,9,'gabriel.en.gonzalez@gmail.com',0,0,'2022-11-16 18:16:08',3),
(493,39,'marianaceciliamoreno@gmail.com',1,3,'2022-11-16 18:16:08',3),
(494,9,'gabriel.en.gonzalez@gmail.com',0,3,'2022-11-16 18:16:19',3),
(495,42,'marianaceciliamoreno@gmail.com',0,0,'2022-11-16 18:16:20',3),
(496,2,'gabriel.en.gonzalez@gmail.com',3,0,'2022-11-16 18:16:27',3),
(497,37,'marianaceciliamoreno@gmail.com',1,1,'2022-11-16 18:16:33',3),
(498,10,'gabriel.en.gonzalez@gmail.com',3,1,'2022-11-16 18:16:48',3),
(499,40,'marianaceciliamoreno@gmail.com',1,0,'2022-11-16 18:16:49',3),
(500,11,'gabriel.en.gonzalez@gmail.com',2,1,'2022-11-16 18:16:58',3),
(501,41,'marianaceciliamoreno@gmail.com',1,1,'2022-11-16 18:17:03',3),
(502,12,'gabriel.en.gonzalez@gmail.com',1,0,'2022-11-16 18:17:12',3),
(503,13,'gabriel.en.gonzalez@gmail.com',1,1,'2022-11-16 18:17:21',3),
(504,14,'gabriel.en.gonzalez@gmail.com',2,0,'2022-11-16 18:17:31',3),
(505,15,'gabriel.en.gonzalez@gmail.com',3,1,'2022-11-16 18:17:40',3),
(506,16,'gabriel.en.gonzalez@gmail.com',3,0,'2022-11-16 18:17:51',3),
(507,17,'gabriel.en.gonzalez@gmail.com',1,0,'2022-11-16 18:18:09',3),
(508,18,'gabriel.en.gonzalez@gmail.com',1,0,'2022-11-16 18:18:17',3),
(509,19,'gabriel.en.gonzalez@gmail.com',2,2,'2022-11-16 18:18:31',3),
(510,20,'gabriel.en.gonzalez@gmail.com',2,0,'2022-11-16 18:18:42',3),
(511,21,'gabriel.en.gonzalez@gmail.com',1,2,'2022-11-16 18:18:50',3),
(512,22,'gabriel.en.gonzalez@gmail.com',2,1,'2022-11-16 18:19:28',3),
(513,23,'gabriel.en.gonzalez@gmail.com',3,1,'2022-11-16 18:19:39',3),
(514,24,'gabriel.en.gonzalez@gmail.com',3,1,'2022-11-16 18:19:59',3),
(515,25,'gabriel.en.gonzalez@gmail.com',1,2,'2022-11-16 18:20:27',3),
(516,26,'gabriel.en.gonzalez@gmail.com',2,0,'2022-11-16 18:20:38',3),
(517,27,'gabriel.en.gonzalez@gmail.com',3,0,'2022-11-16 18:20:47',3),
(518,28,'gabriel.en.gonzalez@gmail.com',0,1,'2022-11-16 18:20:57',3),
(519,29,'gabriel.en.gonzalez@gmail.com',0,0,'2022-11-16 18:22:03',3),
(520,31,'gabriel.en.gonzalez@gmail.com',3,1,'2022-11-16 18:28:41',3),
(521,30,'gabriel.en.gonzalez@gmail.com',1,0,'2022-11-16 18:28:58',3),
(522,32,'gabriel.en.gonzalez@gmail.com',3,2,'2022-11-16 18:29:20',3),
(523,34,'gabriel.en.gonzalez@gmail.com',1,0,'2022-11-16 18:29:32',3),
(524,33,'gabriel.en.gonzalez@gmail.com',2,0,'2022-11-16 18:30:27',3),
(525,35,'gabriel.en.gonzalez@gmail.com',0,1,'2022-11-16 18:30:52',3),
(526,36,'gabriel.en.gonzalez@gmail.com',0,3,'2022-11-16 18:31:02',3),
(527,38,'gabriel.en.gonzalez@gmail.com',0,2,'2022-11-16 18:31:15',3),
(528,37,'gabriel.en.gonzalez@gmail.com',1,1,'2022-11-16 18:31:25',3),
(529,39,'gabriel.en.gonzalez@gmail.com',1,3,'2022-11-16 18:31:39',3),
(530,40,'gabriel.en.gonzalez@gmail.com',0,1,'2022-11-16 18:31:49',3),
(531,41,'gabriel.en.gonzalez@gmail.com',3,2,'2022-11-16 18:32:13',3),
(532,42,'gabriel.en.gonzalez@gmail.com',0,0,'2022-11-16 18:32:52',3),
(533,43,'gabriel.en.gonzalez@gmail.com',2,4,'2022-11-16 18:33:03',3),
(534,44,'gabriel.en.gonzalez@gmail.com',1,2,'2022-11-16 18:33:15',3),
(535,45,'gabriel.en.gonzalez@gmail.com',1,2,'2022-11-16 18:33:29',3),
(536,46,'gabriel.en.gonzalez@gmail.com',1,4,'2022-11-16 18:33:40',3),
(537,47,'gabriel.en.gonzalez@gmail.com',1,1,'2022-11-16 18:33:53',3),
(538,48,'gabriel.en.gonzalez@gmail.com',1,4,'2022-11-16 18:34:03',3);

/*Table structure for table `torneo_inscripciones` */

DROP TABLE IF EXISTS `torneo_inscripciones`;

CREATE TABLE `torneo_inscripciones` (
  `id_inscripcion` int(11) NOT NULL AUTO_INCREMENT,
  `id_torneo` int(11) DEFAULT NULL,
  `usuario` longtext DEFAULT NULL,
  `fecha_inscripcion` datetime DEFAULT NULL,
  `status_inscripcion` int(11) DEFAULT 1,
  `pagado` int(11) DEFAULT 0,
  PRIMARY KEY (`id_inscripcion`)
) ENGINE=InnoDB AUTO_INCREMENT=41 DEFAULT CHARSET=utf8mb4;

/*Data for the table `torneo_inscripciones` */

insert  into `torneo_inscripciones`(`id_inscripcion`,`id_torneo`,`usuario`,`fecha_inscripcion`,`status_inscripcion`,`pagado`) values 
(2,5,'cjuzga-contractor@dealerinspire.com','2022-10-21 19:27:42',1,0),
(3,5,'elsac2290@gmail.com','2022-10-20 20:01:05',1,0),
(4,2,'nucleodevelopers@gmail.com','2022-10-20 20:01:05',1,0),
(5,4,'percyhernandez@gmail.com','2022-10-20 20:01:05',1,0),
(6,4,'olaforhc@gmail.com','2022-10-20 20:01:05',1,0),
(7,4,'maelo12008@gmail.com','2022-10-20 20:01:05',1,0),
(8,2,'sailecrm@gmail.com','2022-10-20 20:01:05',1,0),
(9,2,'eudyzerpa@gmail.com','2022-10-20 20:01:05',1,0),
(10,2,'mejiasrossana@gmail.com','2022-11-03 02:07:03',1,0),
(11,2,'jgarcia559@gmail.com','2022-11-03 02:07:03',1,0),
(12,2,'jlmu10@gmail.com','2022-11-03 02:07:03',1,0),
(13,2,'hellspears@gmail.com','2022-11-03 02:07:03',1,0),
(16,3,'ernestopetroni@gmail.com','2022-11-03 02:07:03',1,0),
(20,2,'vdiaz3@gmail.com',NULL,1,1),
(21,3,'vdiaz3@gmail.com',NULL,1,1),
(22,5,'vdiazcas@ford.com',NULL,1,1),
(23,3,'georgersr1911@gmail.com',NULL,1,0),
(24,1,'mangohead79@gmail.com',NULL,1,0),
(25,1,'vdiaz3@gmail.com',NULL,1,1),
(26,4,'vdiaz3@gmail.com',NULL,1,1),
(27,1,'wramirez831979@gmail.com',NULL,1,0),
(28,6,'vdiaz3@gmail.com',NULL,1,1),
(29,1,'marcosanv@gmail.com',NULL,1,0),
(30,4,'valeechess@gmail.com',NULL,1,0),
(31,4,'hjsanoja2@gmail.com',NULL,1,0),
(32,4,'ranulfoamedorv@gmail.com',NULL,1,0),
(33,4,'pedroalonzo2@gmail.com',NULL,1,0),
(34,5,'cpp.luzyvida2019@gmail.com',NULL,1,0),
(35,5,'gromer230591@gmail.com',NULL,1,0),
(36,7,'vdiaz3@gmail.com',NULL,1,1),
(37,8,'luis.almanza92@gmail.com',NULL,1,0),
(38,2,'juliocesarbr2591@gmail.com',NULL,1,0),
(39,3,'marianaceciliamoreno@gmail.com',NULL,1,0),
(40,3,'gabriel.en.gonzalez@gmail.com',NULL,1,0);

/*Table structure for table `torneos` */

DROP TABLE IF EXISTS `torneos`;

CREATE TABLE `torneos` (
  `id_torneo` bigint(255) NOT NULL AUTO_INCREMENT,
  `evento_id` int(11) DEFAULT NULL,
  `torneo_nombre_corto` longtext DEFAULT NULL,
  `torneo_nombre_largo` longtext DEFAULT NULL,
  `torneo_logo` longtext DEFAULT NULL,
  `torneo_status` longtext DEFAULT NULL,
  `torneo_creador` longtext DEFAULT NULL,
  `torneo_codigo` longtext DEFAULT NULL,
  `torneo_inscripcion` longtext DEFAULT NULL,
  `torneo_password` longtext DEFAULT NULL,
  `torneo_maximo_usuario` int(11) DEFAULT NULL,
  `torneo_es_publico` int(11) DEFAULT NULL,
  `id_evento` int(20) DEFAULT NULL,
  `link_de_pago` longtext DEFAULT NULL,
  PRIMARY KEY (`id_torneo`)
) ENGINE=InnoDB AUTO_INCREMENT=17 DEFAULT CHARSET=utf8mb4;

/*Data for the table `torneos` */

insert  into `torneos`(`id_torneo`,`evento_id`,`torneo_nombre_corto`,`torneo_nombre_largo`,`torneo_logo`,`torneo_status`,`torneo_creador`,`torneo_codigo`,`torneo_inscripcion`,`torneo_password`,`torneo_maximo_usuario`,`torneo_es_publico`,`id_evento`,`link_de_pago`) values 
(1,1,'Salesianos',NULL,NULL,'1','vdiaz3@gmail.com','1234','10','14526931',-1,1,1,NULL),
(2,1,'Los Internacionales',NULL,NULL,'1','vdiaz3@gmail.com','4567','5',NULL,-1,1,1,'https://mpago.la/1Y9D49x'),
(3,1,'Criptoven',NULL,NULL,'1','info@criptoven.io','1234','50',NULL,-1,1,1,NULL),
(4,1,'TODOS CONTRA TODOS',NULL,NULL,'1','vdiaz3@gmail.com',NULL,'0',NULL,-1,1,1,NULL),
(5,1,'FORD ',NULL,NULL,'1','vdiaz3@gmail.com',NULL,'10',NULL,-1,1,1,'https://mpago.la/27Z3UvD'),
(6,1,'Acontencer Mundial',NULL,NULL,'1','vdiaz3@gmail.com',NULL,'0',NULL,-1,1,1,'https://mpago.la/27Z3UvD'),
(7,1,'Los Compaitos',NULL,NULL,'1','vdiaz3@gmail.com',NULL,'25',NULL,1,1,1,'https://mpago.la/27Z3UvD'),
(8,1,'THOT Quiniela',NULL,NULL,'1\r\n','vdiaz3@gmail.com',NULL,'0',NULL,NULL,NULL,1,'https://mpago.la/27Z3UvD');

/*Table structure for table `usuario` */

DROP TABLE IF EXISTS `usuario`;

CREATE TABLE `usuario` (
  `id` int(11) NOT NULL AUTO_INCREMENT,
  `nombre` varchar(120) NOT NULL,
  `email` varchar(120) NOT NULL,
  `usuario` varchar(50) NOT NULL,
  `contacto` varchar(100) DEFAULT NULL,
  `foto` longtext NOT NULL,
  `status_user` longtext NOT NULL DEFAULT '1',
  PRIMARY KEY (`id`) USING BTREE
) ENGINE=InnoDB AUTO_INCREMENT=34 DEFAULT CHARSET=latin1 ROW_FORMAT=COMPACT;

/*Data for the table `usuario` */

insert  into `usuario`(`id`,`nombre`,`email`,`usuario`,`contacto`,`foto`,`status_user`) values 
(4,'Vladimir Diaz','vdiaz3@gmail.com','vdiaz3@gmail.com',NULL,'https://lh3.googleusercontent.com/a/ALm5wu0lBn7eYnpcEJkJ1iyOu-LG1JpAHkWdaqtX_xY9Z9c=s96-c','1'),
(5,'Vladimir ','cjuzga-contractor@dealerinspire.com','cjuzga-contractor@dealerinspire.com',NULL,'https://lh3.googleusercontent.com/a/ALm5wu1dATRqn6lWmiS_xwZhOG6ZQcOqT50noVYkC4wO=s96-c','1'),
(6,'Elsa Castro','elsac2290@gmail.com','elsac2290@gmail.com',NULL,'https://lh3.googleusercontent.com/a/ALm5wu3MF7JgjgTtKCsH2iFU2Bm2_8lrt8dmNuf32BlR=s96-c','1'),
(7,'CID Nucleo','nucleodevelopers@gmail.com','nucleodevelopers@gmail.com',NULL,'https://lh3.googleusercontent.com/a/ALm5wu0Q1DMceab1G1Cj-Khi78DPBC84CkRu6zKMKtbS=s96-c','1'),
(8,'Saile Rosales','sailecrm@gmail.com','sailecrm@gmail.com',NULL,'https://lh3.googleusercontent.com/a/ALm5wu3TGjfZMdsdqRQeURpqETv2cv4iWDGpErXpAAC1TA=s96-c','1'),
(9,'Remy Hernandez','olaforhc@gmail.com','olaforhc@gmail.com',NULL,'https://lh3.googleusercontent.com/a/ALm5wu3ghkRHrH3QqWCczGpt6t-iFf_qf2WHWjy81dlscF0=s96-c','1'),
(10,'Percy Hernandez Castellanos','percyhernandez@gmail.com','percyhernandez@gmail.com',NULL,'https://lh3.googleusercontent.com/a/ALm5wu11sp36FKixQA_wXVH6FFqsCb3pi4O6BoxKXJyQYA=s96-c','1'),
(11,'Adan Altamirano','maelo12008@gmail.com','maelo12008@gmail.com',NULL,'https://lh3.googleusercontent.com/a/ALm5wu3rcRN7ep1v2Q_3b5rBj8r_fAyv7ZzhpbB0J5anaA=s96-c','1'),
(12,'Eudy Zerpa','eudyzerpa@gmail.com','eudyzerpa@gmail.com',NULL,'https://lh3.googleusercontent.com/a/ALm5wu1rtP_4FP17NvVodPqc1Raa1U4GT5UgO9-C2is4HQ=s96-c','1'),
(13,'José L. Martínez','jlmu10@gmail.com','jlmu10@gmail.com',NULL,'https://lh3.googleusercontent.com/a/ALm5wu1Xn_63f298grTqFv2Dbd-WygjakzohaVDbRIYxfg=s96-c','1'),
(14,'Rossana Mejias','mejiasrossana@gmail.com','mejiasrossana@gmail.com',NULL,'https://lh3.googleusercontent.com/a/ALm5wu2uD6MWnijgnrO43-fBcfmdkVc86SIwbdz0u80b=s96-c','1'),
(15,'Jorge García','jgarcia559@gmail.com','jgarcia559@gmail.com',NULL,'https://lh3.googleusercontent.com/a/ALm5wu1yTr34xhVPGYjKfTx4dA6VTPLK2MUQ3vECpxhXJQ=s96-c','1'),
(16,'Luis Humberto Hernández Lara (HellSpears)','hellspears@gmail.com','hellspears@gmail.com',NULL,'https://lh3.googleusercontent.com/a/ALm5wu3WecUoZoVLH-LapIqCiQp6lbbWHwCB9cpieBFMPQ=s96-c','1'),
(17,'Gonzalo Daniel Romero Cosetl','gromer230591@gmail.com','gromer230591@gmail.com',NULL,'https://lh3.googleusercontent.com/a/ALm5wu1w9YauWv8nQOTsTn-Ky2l-CQwYbtn3tES_Rhtg=s96-c','1'),
(18,'VLADIMIR MELENDREZ ACOSTA','ing.vladimirma@gmail.com','ing.vladimirma@gmail.com',NULL,'https://lh3.googleusercontent.com/a/ALm5wu3iZ-Qr-rLSEJZyvMo0GaULocHW_gsMoDbOst3I=s96-c','1'),
(19,'ERNESTO PETRONI','ernestopetroni@gmail.com','ernestopetroni@gmail.com',NULL,'https://lh3.googleusercontent.com/a/ALm5wu0CgQ8ff6x1QgkGYrGmI4nWLGUO0ZNp1K2XUJhq=s96-c','1'),
(20,'Mariana Cecilia Moreno','marianaceciliamoreno@gmail.com','marianaceciliamoreno@gmail.com',NULL,'https://lh3.googleusercontent.com/a/ALm5wu3Emv4wpH6xGhk32WowvXDYwhkQu3JG5j4DyJT34kg=s96-c','1'),
(21,'Vladimir Diaz','vdiazcas@ford.com','vdiazcas@ford.com',NULL,'https://lh3.googleusercontent.com/a/ALm5wu0UilBwQGgBqnstMA7y2vypTwzAySc2iHXXPamn=s96-c','1'),
(22,'Jorge Soto','georgersr1911@gmail.com','georgersr1911@gmail.com',NULL,'https://lh3.googleusercontent.com/a/ALm5wu2UF2NQtmIQYr7fd09oxNe-X_3L35lNfz87i2Hu=s96-c','1'),
(23,'Eduardo Romero','mangohead79@gmail.com','mangohead79@gmail.com',NULL,'https://lh3.googleusercontent.com/a/ALm5wu1zsrc0Ws3nNiGgx-dR0cvCKCs7hsPI5MNesJEv=s96-c','1'),
(24,'William Ramirez','wramirez831979@gmail.com','wramirez831979@gmail.com',NULL,'https://lh3.googleusercontent.com/a/ALm5wu0Pi9hgJUDvmSZaVrn6LDN2hFOVcjcKzhh2FQs5=s96-c','1'),
(25,'Marco San Vicente','marcosanv@gmail.com','marcosanv@gmail.com',NULL,'https://lh3.googleusercontent.com/a/ALm5wu3ig2s0jduvGgWo8oMj0aO-GQjxwAdPDv7FBty2=s96-c','1'),
(26,'Gabriel Vallée','valeechess@gmail.com','valeechess@gmail.com',NULL,'https://lh3.googleusercontent.com/a/ALm5wu2Ci8R3rQCNsCP1SB7VXfYKeWgNirJs25JXtJUfGw=s96-c','1'),
(27,'Hernando Sanoja','hjsanoja2@gmail.com','hjsanoja2@gmail.com',NULL,'https://lh3.googleusercontent.com/a/ALm5wu10nbKROj70DAY5PbIfTGpl8r_P4SL_mNzKjMpY=s96-c','1'),
(28,'Ranulfo Amador','ranulfoamedorv@gmail.com','ranulfoamedorv@gmail.com',NULL,'https://lh3.googleusercontent.com/a/ALm5wu2K2PtcNISOSpwa-egauI052nibDkh5Ctz5ZSGZ=s96-c','1'),
(29,'Pedro Enrique Paraqueimo Alonzo','pedroalonzo2@gmail.com','pedroalonzo2@gmail.com',NULL,'https://lh3.googleusercontent.com/a/ALm5wu0RXiIsjCtdbxDA6FWAp2ZqzcGotXrY61UBo_Bs_A=s96-c','1'),
(30,'CPP Luz y Vida 2019-20','cpp.luzyvida2019@gmail.com','cpp.luzyvida2019@gmail.com',NULL,'https://lh3.googleusercontent.com/a/ALm5wu3W0vSy1cLQTYk1MpUw8o_K_HMWIeiCzMYSa_5e=s96-c','1'),
(31,'Tony Alm','luis.almanza92@gmail.com','luis.almanza92@gmail.com',NULL,'https://lh3.googleusercontent.com/a/ALm5wu29imHOvQYdqPUqyZj8q_ZWeUcW-Lw532TL0ieuE5Y=s96-c','1'),
(32,'Julio César Blanco','juliocesarbr2591@gmail.com','juliocesarbr2591@gmail.com',NULL,'https://lh3.googleusercontent.com/a/ALm5wu3WZWbegT3MSZU6uBPZOZ3EFVCjIFeodTZeATn5GQ=s96-c','1'),
(33,'Gabriel E Peñaranda G','gabriel.en.gonzalez@gmail.com','gabriel.en.gonzalez@gmail.com',NULL,'https://lh3.googleusercontent.com/a/ALm5wu1n2lfkRzni8dxOij40Hv-RKON8bFKdHGa1FKtt=s96-c','1');

/*Table structure for table `puntajes_pronosticos` */

DROP TABLE IF EXISTS `puntajes_pronosticos`;

/*!50001 DROP VIEW IF EXISTS `puntajes_pronosticos` */;
/*!50001 DROP TABLE IF EXISTS `puntajes_pronosticos` */;

/*!50001 CREATE TABLE  `puntajes_pronosticos`(
 `id_juego` int(11) ,
 `id_torneo` bigint(20) ,
 `equipo1_id` longtext ,
 `equipo2_id` longtext ,
 `marcador1` tinyint(4) ,
 `marcador2` tinyint(4) ,
 `id_usuario` varchar(255) ,
 `pronostico_goles_a` bigint(20) ,
 `pronostico_goles_b` bigint(20) ,
 `puntos_resultado` int(1) ,
 `puntos_perfecto` decimal(22,0) 
)*/;

/*Table structure for table `puntos_totales` */

DROP TABLE IF EXISTS `puntos_totales`;

/*!50001 DROP VIEW IF EXISTS `puntos_totales` */;
/*!50001 DROP TABLE IF EXISTS `puntos_totales` */;

/*!50001 CREATE TABLE  `puntos_totales`(
 `id_torneo` bigint(20) ,
 `nombre` varchar(120) ,
 `id_usuario` varchar(255) ,
 `total_puntos` decimal(45,0) ,
 `perfect_points` decimal(22,0) 
)*/;

/*Table structure for table `pronosticos_updated` */

DROP TABLE IF EXISTS `pronosticos_updated`;

/*!50001 DROP VIEW IF EXISTS `pronosticos_updated` */;
/*!50001 DROP TABLE IF EXISTS `pronosticos_updated` */;

/*!50001 CREATE TABLE  `pronosticos_updated`(
 `id_pronostico` bigint(20) ,
 `id_juego` bigint(20) ,
 `id_torneo` bigint(20) ,
 `id_usuario` varchar(255) ,
 `goles_a` bigint(20) ,
 `goles_b` bigint(20) ,
 `fecha_pronostico` datetime 
)*/;

/*View structure for view puntajes_pronosticos */

/*!50001 DROP TABLE IF EXISTS `puntajes_pronosticos` */;
/*!50001 DROP VIEW IF EXISTS `puntajes_pronosticos` */;

/*!50001 CREATE ALGORITHM=UNDEFINED DEFINER=`root`@`%` SQL SECURITY DEFINER VIEW `puntajes_pronosticos` AS (select `partido`.`id` AS `id_juego`,`pronosticos_updated`.`id_torneo` AS `id_torneo`,`partido`.`equipo1_id` AS `equipo1_id`,`partido`.`equipo2_id` AS `equipo2_id`,`partido`.`marcador1` AS `marcador1`,`partido`.`marcador2` AS `marcador2`,`pronosticos_updated`.`id_usuario` AS `id_usuario`,`pronosticos_updated`.`goles_a` AS `pronostico_goles_a`,`pronosticos_updated`.`goles_b` AS `pronostico_goles_b`,if(if(`partido`.`marcador1` > `partido`.`marcador2`,'a',if(`partido`.`marcador1` < `partido`.`marcador2`,'b','e')) = if(`pronosticos_updated`.`goles_a` > `pronosticos_updated`.`goles_b`,'a',if(`pronosticos_updated`.`goles_a` < `pronosticos_updated`.`goles_b`,'b','e')),1,0) AS `puntos_resultado`,sum(case when `partido`.`marcador1` = `pronosticos_updated`.`goles_a` and `partido`.`marcador2` = `pronosticos_updated`.`goles_b` then 4 else 0 end) AS `puntos_perfecto` from ((`partido` join `pronosticos_updated`) join `torneo_inscripciones`) where `pronosticos_updated`.`id_juego` = `partido`.`id` and `torneo_inscripciones`.`id_torneo` = `pronosticos_updated`.`id_torneo` and `torneo_inscripciones`.`usuario` = `pronosticos_updated`.`id_usuario` and `partido`.`estatus` = 1 group by `pronosticos_updated`.`id_usuario`,`pronosticos_updated`.`id_torneo`,`pronosticos_updated`.`id_pronostico`) */;

/*View structure for view puntos_totales */

/*!50001 DROP TABLE IF EXISTS `puntos_totales` */;
/*!50001 DROP VIEW IF EXISTS `puntos_totales` */;

/*!50001 CREATE ALGORITHM=UNDEFINED DEFINER=`root`@`%` SQL SECURITY DEFINER VIEW `puntos_totales` AS (select `puntajes_pronosticos`.`id_torneo` AS `id_torneo`,`usuario`.`nombre` AS `nombre`,`puntajes_pronosticos`.`id_usuario` AS `id_usuario`,sum(`puntajes_pronosticos`.`puntos_resultado` + `puntajes_pronosticos`.`puntos_perfecto`) AS `total_puntos`,sum(case when `puntajes_pronosticos`.`puntos_perfecto` > 0 then 1 else 0 end) AS `perfect_points` from (`puntajes_pronosticos` join `usuario`) where `puntajes_pronosticos`.`id_usuario` = `usuario`.`email` group by `puntajes_pronosticos`.`id_usuario`,`puntajes_pronosticos`.`id_torneo`) */;

/*View structure for view pronosticos_updated */

/*!50001 DROP TABLE IF EXISTS `pronosticos_updated` */;
/*!50001 DROP VIEW IF EXISTS `pronosticos_updated` */;

/*!50001 CREATE ALGORITHM=UNDEFINED DEFINER=`root`@`localhost` SQL SECURITY DEFINER VIEW `pronosticos_updated` AS select `pronosticos`.`id_pronostico` AS `id_pronostico`,`pronosticos`.`id_juego` AS `id_juego`,`pronosticos`.`id_torneo` AS `id_torneo`,`pronosticos`.`id_usuario` AS `id_usuario`,`pronosticos`.`goles_a` AS `goles_a`,`pronosticos`.`goles_b` AS `goles_b`,`pronosticos`.`fecha_pronostico` AS `fecha_pronostico` from `pronosticos` where `pronosticos`.`id_pronostico` in (select max(`pronosticos`.`id_pronostico`) from `pronosticos` group by `pronosticos`.`id_juego`,`pronosticos`.`id_usuario`,`pronosticos`.`id_torneo`) */;

/*!40101 SET SQL_MODE=@OLD_SQL_MODE */;
/*!40014 SET FOREIGN_KEY_CHECKS=@OLD_FOREIGN_KEY_CHECKS */;
/*!40014 SET UNIQUE_CHECKS=@OLD_UNIQUE_CHECKS */;
/*!40111 SET SQL_NOTES=@OLD_SQL_NOTES */;
